"","nom_dep","num_dep","taux_mortalité","auto","nat","dep","heure_soleil","Pluie","nombre_camion","nombre_utilitaire","nombre_transport","nombre_voiture","diff_alt","z_q","q_vq","vc_qq","qc_sq","p_sq","Total","Superficie","Densité","part_homme","Nb_lit","foret_km2","taux_voiture","taux_camion","taux_utilitaire","taux_transport","part_0_14","part_15_24","part_25_44","part_45_64","part_65_plus","Auto_dens","Nat_dens","Dep_dens","pct_foret"
"1","Ain","01",0.10233918128655,232,0,13325,2120,1250.8,6221,62593,491,425469,1534,128876,75236,162489,177615,127721,671937,5762.4,116.607142857143,49.3465905285763,351,2120,73.835381091212,1.07958489518256,10.8623143134805,0.0852075524087186,0.191797742943163,0.111968830411184,0.241821777934539,0.264332816915872,0.190078831795243,0.0402610023601277,0,2.3124045536582,0.367902262945995
"2","Aisne","02",0.123809523809524,147,164,11179,1801,796.3,8610,56878,574,318167,258,92951,61368,116852,135200,116420,522791,7361.7,71.0149829523072,48.9134281194588,560,1530,43.2192292541125,1.16956681201353,7.72620454514582,0.077971120800902,0.177797628497813,0.117385341369687,0.223515707041628,0.258611950090954,0.222689372999918,0.0199682138636456,0.022277463085972,1.51853512096391,0.207832430009373
"3","Allier","03",0.0861244019138756,203,125,13244,2008,963.7,3671,40087,202,219011,1127,47643,34723,63872,88550,97655,332443,7340.1,45.2913448045667,48.1080967263561,650,1340,29.8376043923107,0.500129426029618,5.46136973610714,0.0275200610345908,0.143311785779818,0.104447980556065,0.192129177031852,0.266361451436788,0.293749605195477,0.0276562989605046,0.017029740739227,1.80433509080258,0.182558820724513
"4","Alpes-de-Haute-Provence","04",0.08125,66,99,7132,2845,792.9,1896,23505,158,112036,3132,25200,15786,33418,45936,46314,166654,6925.2,24.0648645526483,48.2970705773639,568,4430,16.1780165193785,0.273782706636631,3.3941258014209,0.0228152255530526,0.151211492073398,0.0947231989631212,0.200523239766222,0.275636948408079,0.27790512078918,0.00953041067405995,0.0142956160110899,1.02986195344539,0.639692716455842
"5","Hautes-Alpes","05",0.0650887573964497,26,156,4899,1890,729.3,2156,21497,412,95245,3631,20871,13009,28999,38833,38230,139942,5548.7,25.2206823219853,48.7852110159923,971,2520,17.1652819579361,0.388559482401283,3.87424081316344,0.0742516265071098,0.149140358148376,0.092959940546798,0.207221563219048,0.277493533035115,0.273184605050664,0.00468578225530304,0.0281146935318183,0.882909510335754,0.454160433975526
"6","Alpes-Maritimes","06",0.0646108663729809,75,0,5186,2918,786,6185,84754,1590,635821,3143,171471,118295,249026,290687,280849,1110328,4298.6,258.299911599125,47.2200106635156,648,2770,147.913506723119,1.4388405527381,19.7166519331875,0.369887870469455,0.154432744198111,0.106540589807696,0.224281473582581,0.261802818626568,0.252942373785044,0.01744754105988,0,1.2064393058205,0.644395849811567
"7","Ardèche","07",0.0975609756097561,0,91,11384,2320,981.1,3950,44124,806,222750,1713,51539,33251,66547,91669,89224,332230,5528.6,60.0929710957566,48.8875176835325,484,3220,40.2904894548349,0.714466591903918,7.98104402561227,0.14578736027204,0.155130481895073,0.100084278963369,0.200304006260723,0.275920296180357,0.268560936700479,0,0.0164598632565206,2.05911080562891,0.582425930615346
"8","Ardennes","08",0.188888888888889,82,47,6662,1723,1007.8,2421,25548,298,160817,468,44772,29157,57762,71775,61951,265417,5229.4,50.7547711018473,48.8796874352434,521,1630,30.7524763835239,0.462959421730983,4.88545531036065,0.0569855050292577,0.16868550243579,0.109853551204331,0.217627356197983,0.270423522231055,0.233410067930841,0.015680575209393,0.00898764676635943,1.27395112249971,0.311699238918423
"9","Ariège","09",0.0754716981132075,16,90,6111,1979,842.6,1629,21105,228,103126,2934,22667,15581,31130,42363,42840,154581,4889.9,31.61230291008,48.9613859400573,384,2160,21.0895928342093,0.333135646945745,4.31603918280537,0.0466267203828299,0.146635097456997,0.100795052432058,0.201383093653166,0.274050497797271,0.277136258660508,0.00327205055318105,0.0184052843616434,1.24971880815559,0.441726824679441
"10","Aube","10",0.100591715976331,152,33,7063,1940,831.3,3137,34701,328,180862,309,55106,39286,70361,77214,70746,312713,6004.2,52.0823756703641,48.7312647699328,470,1610,30.1225808600646,0.522467606009127,5.77945438193265,0.0546284267679291,0.176219089068891,0.125629570884485,0.22500183874671,0.246916501712433,0.226232999587481,0.0253156124046501,0.00549615269311482,1.17634322640818,0.268145631391359
"11","Aude","11",0.090032154340836,155,0,11692,2346,588.5,3486,43561,515,238262,2469,57880,38397,76255,101742,105501,379775,6139,61.8626812184395,47.9749851885985,540,2440,38.8112070369767,0.567844925883694,7.0957810718358,0.0838898843459847,0.152406029886117,0.101104601408729,0.200789941412679,0.267900730695807,0.277798696596669,0.0252484117934517,0,1.90454471412282,0.397458869522724
"12","Aveyron","12",0.096969696969697,74,116,17352,2264,1002.1,4534,43409,841,193464,1317,39779,27621,55907,75322,80875,279504,8735.1,31.9978019713569,49.5084149064056,569,2910,22.1478861146409,0.519055305606118,4.96949090451168,0.0962782337924008,0.142319966798328,0.0988214837712519,0.200022182151239,0.269484515427328,0.289351851851852,0.00847156872846333,0.0132797563851587,1.98646838616616,0.333138716213896
"13","Bouches-du-Rhône","13",0.0428082191780822,329,116,10220,3010,403.2,15727,175796,3290,1141399,1044,354437,247539,500563,520142,446437,2069118,5087.5,406.706240786241,47.7350252619715,694,1320,224.353611793612,3.09130221130221,34.5544963144963,0.646683046683047,0.171298591960439,0.119635032898075,0.241920953759041,0.25138343970716,0.215761981675284,0.0646683046683047,0.0228009828009828,2.00884520884521,0.259459459459459
"14","Calvados","14",0.0642857142857143,132,121,12867,1863,865.9,10684,75610,803,433438,362,114453,89677,158418,174523,163524,700595,5534.5,126.586864215376,48.1083935797429,550,600,78.3156563375192,1.93043635378083,13.6615773782636,0.145089890685699,0.163365425102948,0.128001198980866,0.226119227228285,0.249106830622542,0.233407318065359,0.0238503929894299,0.0218628602403108,2.3248712620833,0.108410877224682
"15","Cantal","15",0.0394736842105263,50,141,10452,2207,1202.7,2928,20928,308,96725,1645,19673,13446,27661,40324,42535,143639,5726,25.0853999301432,48.8349264475525,889,1610,16.8922458959134,0.511351728955641,3.65490743974852,0.0537897310513447,0.136961410201965,0.0936096742528143,0.192573047709884,0.280731556192956,0.296124311642381,0.00873209919664687,0.0246245197345442,1.82535801606706,0.281173594132029
"16","Charente","16",0.181818181818182,0,215,14272,1997,1218.6,4469,49103,445,233305,360,52731,36468,72844,94934,94059,351036,5956,58.9382135661518,48.4588475256099,480,1380,39.1714237743452,0.750335795836132,8.24429147078576,0.0747145735392881,0.15021536252692,0.10388678084299,0.207511480304014,0.270439499082715,0.26794687724336,0,0.0360980523841504,2.39623908663533,0.231699126930826
"17","Charente-Maritime","17",0.107816711590297,136,125,19015,2166,1103.5,6383,90525,682,441585,173,93759,67899,130009,177638,196599,665904,6863.8,97.0168128441971,47.8756697662125,481,1140,64.3353535942189,0.929951338908476,13.1887584137067,0.0993618695183426,0.140799574713472,0.10196514812946,0.195236850957495,0.266762175929263,0.295236250270309,0.0198140971473528,0.0182114863486698,2.77033130335965,0.166088755499869
"18","Cher","18",0.235294117647059,124,81,9962,1976,741.6,2471,35606,218,193433,415,45201,30399,60828,79025,81821,297274,7235,41.0883206634416,48.4347773434609,536,1900,26.7357290946786,0.341534208707671,4.92135452660677,0.0301313061506565,0.152051642592356,0.102259195220571,0.204619307440274,0.265832195213843,0.275237659532956,0.0171389080856945,0.0111955770559779,1.37691776088459,0.262612301313062
"19","Corrèze","19",0.0833333333333333,179,0,12549,2100,1397,3494,31310,508,167099,896,33288,24331,46333,64104,69021,237077,5856.8,40.478930473979,48.7634819067223,680,2670,28.530767654692,0.596571506624778,5.34592268815736,0.0867367845922688,0.140410077738456,0.102629103624561,0.195434394732513,0.270393163402608,0.291133260501862,0.030562764649638,0,2.14263761781177,0.455880344215271
"20","Côte-d'Or","21",0.0909090909090909,298,18,12460,1997,806.6,5471,58788,1308,318789,547,83540,71565,126126,134781,120154,536166,8763.2,61.183814131824,48.2675141653891,618,3380,36.3781495344167,0.624315318605076,6.70850830746759,0.149260544093482,0.1558099543798,0.133475453497611,0.235236848289522,0.251379237027339,0.224098506805728,0.03400584261457,0.00205404418477269,1.42185503012598,0.385703852473982
"21","Côtes-d'Armor","22",0.0993377483443709,0,275,21146,1723,790.9,6778,80143,605,399900,339,96099,63976,118995,162210,166554,607834,6877.6,88.3787949284634,48.3719239134369,479,1120,58.145283238339,0.98551820402466,11.6527567756194,0.087966732581133,0.158100731449705,0.10525242089123,0.19576891059072,0.266865624496162,0.274012312572183,0,0.0399848784459695,3.07461905315808,0.162847504943585
"22","Creuse","23",0.279069767441861,4,89,11185,1922,1068.8,1185,17058,207,79016,757,14475,10229,20263,32103,36036,113106,5565.4,20.3230675243469,48.6375612257528,831,1600,14.1977216372588,0.212922700973874,3.06500880439861,0.037194092068854,0.127977295634184,0.0904372889148233,0.179150531359963,0.283831096493555,0.318603787597475,0.000718726416789449,0.0159916627735652,2.0097387429475,0.28749056671578
"23","Dordogne","24",0.165680473372781,110,123,19856,2102,1276.3,5163,62827,548,284222,475,55398,37418,76939,114830,126797,411382,9060,45.4064017660044,48.1564579879528,576,4140,31.3710816777042,0.569867549668874,6.93454746136865,0.060485651214128,0.134663159788226,0.0909568235848919,0.187025684157304,0.279132290669013,0.308222041800565,0.0121412803532009,0.0135761589403974,2.1916114790287,0.456953642384106
"24","Doubs","25",0.0794701986754967,101,127,9971,1754,1397.3,5206,46922,1022,341007,1263,97212,70347,133392,135356,113805,550112,5232.6,105.13167450216,48.9360348438136,470,2330,65.1697053090242,0.994916485112563,8.96724381760501,0.195313993043611,0.17671310569484,0.12787759583503,0.24248153103368,0.246051713105695,0.206876054330754,0.0193020678056798,0.0242709169437756,1.90555364445973,0.445285326606276
"25","Drôme","26",0.0957854406130268,134,141,12478,2595,885.6,9045,65556,771,336252,2404,90060,57858,117114,135570,122583,523185,6530,80.1202143950995,48.5153435209343,459,3440,51.493415007657,1.38514548238897,10.0392036753446,0.118070444104135,0.172137962670948,0.110588032913788,0.223848160784426,0.259124401502337,0.234301442128501,0.02052067381317,0.0215926493108729,1.91087289433384,0.526799387442573
"26","Eure","27",0.082010582010582,181,113,13711,1790,759.7,5496,61749,544,388796,245,111485,66784,135925,157956,124560,596710,6008.2,99.3159348889851,48.5820582862697,392,1230,64.7108951100163,0.91474984188276,10.2774541460005,0.0905429246696182,0.186832799852525,0.111920363325569,0.227790719109785,0.26471150139934,0.208744616312782,0.0301254951566193,0.018807629572917,2.28204786791385,0.204720215705203
"27","Eure-et-Loire","28",0.0851063829787234,125,165,13064,1850,675.9,4163,44109,583,266971,239,79420,47686,95669,112924,93295,428994,5880,72.9581632653061,48.9102411688742,534,790,45.403231292517,0.707993197278912,7.5015306122449,0.0991496598639456,0.185130794370084,0.111157731809769,0.223007780994606,0.263229788761614,0.217473904063926,0.0212585034013605,0.0280612244897959,2.22176870748299,0.134353741496599
"28","Finistère","29",0.0595813204508857,0,234,18505,1657,1000.7,7350,103371,1157,589889,385,142626,106298,197519,246988,232634,926065,6733,137.541214911629,48.6194813539006,638,1000,87.6116144363582,1.09163819991089,15.3528887568692,0.171840190108421,0.154012947255322,0.114784599353177,0.213288484069693,0.266706980611512,0.251206988710296,0,0.034754195752265,2.74840338630625,0.148522204069508
"29","Corse-du-Sud","2A",0.0354330708661417,0,0,1538,2918,866.3,1744,23055,295,100175,2425,25998,13962,38180,44353,41462,163955,4014.2,40.8437546709182,48.3169162270135,635,2800,24.9551591848936,0.434457675252852,5.74336106820786,0.0734891136465547,0.158567899728584,0.0851575127321521,0.232868774968741,0.270519349821597,0.252886462748925,0,0,0.383139853520004,0.69752379054357
"30","Haute-Corse","2B",0.069620253164557,0,0,1875,2898,524.3,2113,26436,359,114228,2706,26981,18720,45323,50354,45922,187300,4665.6,40.144890260631,48.7618793379605,479,2970,24.483024691358,0.452889231824417,5.66615226337449,0.076946159122085,0.144052322477309,0.0999466097170315,0.241980779498131,0.268841430859584,0.245178857447944,0,0,0.401877572016461,0.636574074074074
"31","Gard","30",0.139841688654354,87,134,14478,2805,692.7,6955,83794,1090,475232,1565,123399,84330,160118,201565,188023,757435,5852.8,129.414126571897,48.1736386620634,549,2700,81.1973756150902,1.18832012028431,14.3169081465282,0.186235647895025,0.162916949969304,0.111336286281991,0.211395037197911,0.266115244212375,0.248236482338418,0.0148646801530891,0.0228950246036085,2.47368780754511,0.461317659923455
"32","Haute-Garonne","31",0.0931818181818182,260,75,15947,2060,846.5,14576,121637,2045,822623,3147,250789,199222,406793,356313,257250,1470367,6309.3,233.047564706069,48.6185421734846,573,1420,130.382609798234,2.31024043871745,19.2790008400298,0.32412470480085,0.170562179374265,0.135491343317689,0.276660860859908,0.242329296019293,0.174956320428845,0.0412090089233354,0.0118872141125006,2.52753871269396,0.225064587196678
"33","Gers","32",0.104347826086957,0,237,11050,2071,1105.3,2445,31885,255,134020,326,27628,18331,35587,54849,56425,192820,6256.8,30.8176703746324,48.749092417799,571,930,21.4198951540724,0.390774836977369,5.09605549162511,0.0407556578442654,0.143283891712478,0.0950679390104761,0.184560730214708,0.284457006534592,0.292630432527746,0,0.0378787878787879,1.76607850658484,0.148638281549674
"34","Gironde","33",0.0576744186046512,291,89,20996,2055,1193.4,13900,168742,2011,988803,167,277893,213905,431401,425143,343095,1691437,9975.6,169.557420105056,47.8886296090248,526,5030,99.1221580656803,1.39339989574562,16.9154737559646,0.201591884197442,0.164294029278064,0.126463474548564,0.255049995950189,0.251350183305674,0.202842316917509,0.0291711776735234,0.00892176911664461,2.1047355547536,0.504230321985645
"35","Hérault","34",0.111504424778761,229,40,11706,2701,540,8971,110622,1021,700291,1124,201332,156076,295037,302734,277626,1232805,6101,202.066054745124,47.7418569846813,649,2620,114.782986395673,1.47041468611703,18.1317816751352,0.167349614817243,0.163312121543959,0.126602341813993,0.239321709434988,0.245565194819943,0.225198632387117,0.0375348303556794,0.00655630224553352,1.91870185215538,0.429437797082446
"36","Ille-et-Vilaine","35",0.0558292282430213,50,263,15546,1916,776.9,13909,118855,1687,652145,258,197826,152268,278358,276302,213846,1118600,6774.7,165.11432240542,48.837296620776,522,920,96.2618270919746,2.05307984117378,17.5439502856215,0.249014716518813,0.176851421419632,0.136123726086179,0.248844984802432,0.247006973001967,0.191172894689791,0.00738040060814501,0.0388209071988428,2.29471415708445,0.135799371189868
"37","Indre","36",0.186274509803922,98,37,11401,2033,822.1,2681,30178,210,142534,394,30473,21025,40387,58962,64067,214914,6790.6,31.6487497422908,48.312813497492,609,1430,20.9898977998999,0.394810473301328,4.44408446970813,0.0309251023473625,0.141791600361075,0.0978298296062611,0.187921680300027,0.274351601105559,0.298105288627079,0.0144317144287692,0.00544870850882102,1.67893853267752,0.210585220746326
"38","Indre-et-Loire","37",0.0682730923694779,204,12,12402,2030,788.6,4459,65940,813,368120,158,100937,76971,142539,156179,141390,618016,6126.7,100.872574142687,48.1633161600994,628,1670,60.0845479621983,0.727797998922748,10.7627270798309,0.132697863450144,0.163324250504841,0.124545319215037,0.230639659814633,0.252710285817843,0.228780484647647,0.0332968808657189,0.00195864005092464,2.02425449263062,0.272577407087013
"39","Isère","38",0.0851449275362319,259,107,16245,2147,1204,10341,117914,1900,761494,3954,235316,165738,310021,330163,253238,1294476,7431.5,174.187714458723,48.98460844388,421,3110,102.468411491623,1.39150911659826,15.8667832873579,0.255668438404091,0.18178475305838,0.128034818722016,0.239495363374833,0.255055327406611,0.19562973743816,0.0348516450245576,0.0143981699522304,2.18596514835498,0.418488864966696
"40","Jura","39",0.211267605633803,93,96,8226,1956,1402.5,3114,28906,303,172664,1317,41013,27088,54285,69311,65117,256814,4999.2,51.3710193630981,48.7952370197886,562,2460,34.5383261321811,0.622899663946231,5.7821251400224,0.0606096975516083,0.159699237580506,0.105477115733566,0.211378663156993,0.269887934458402,0.253557049070534,0.0186029764762362,0.0192030724915987,1.64546327412386,0.492078732597216
"41","Landes","40",0.188311688311688,210,42,12115,2138,1320.7,4634,54312,594,302021,217,64597,41211,87732,119320,115809,428669,9242.6,46.3796983532772,48.5498134924616,510,5600,32.6770605673728,0.501374072230758,5.87626858243351,0.0642676303204726,0.15069202578213,0.0961371127839895,0.204661405420033,0.278349962325244,0.270159493688604,0.0227208794062277,0.00454417588124554,1.31077835241166,0.605890117499405
"42","Loir-et-Cher","41",0.0797872340425532,165,47,10107,1998,714,2965,41870,501,214253,222,53019,33631,66367,87746,85702,326465,6343.4,51.4653025191538,48.633084710459,644,2360,33.7757354100325,0.467414950972665,6.6005612132295,0.0789797269603052,0.162403320417196,0.103015637204601,0.203289786041383,0.268776132204065,0.262515124132755,0.0260112873222562,0.00740927578270328,1.59330958161238,0.372040230791058
"43","Loire","42",0.0844155844155844,132,103,12698,2065,829.3,7761,73133,658,455196,1366,135650,94775,170293,191083,180541,772342,4780.6,161.557545078024,48.5657908025201,596,1360,95.2173367359746,1.62343638873782,15.2978705601807,0.137639626825085,0.175634628182852,0.12271118235186,0.220489109746718,0.247407236690482,0.233757843028089,0.0276115968706857,0.0215454127097017,2.65615194745429,0.284483119273731
"44","Haute-Loire","43",0.0899470899470899,15,170,11350,2111,721.2,3259,29471,432,156965,1349,35713,24033,45735,62542,58855,226878,4977.1,45.584376444114,49.2678884686924,567,2000,31.5374414819875,0.65479897932531,5.92131964396938,0.0867975326997649,0.157410590713952,0.105929177795996,0.201584111284479,0.275663572492705,0.259412547712868,0.00301380321874184,0.0341564364790742,2.28044443551466,0.401840429165578
"45","Loire-Atlantique","44",0.0869565217391304,91,235,18287,2057,800.5,14665,151018,1961,853256,117,269119,189866,378186,369209,290933,1497313,6874.1,217.819496370434,48.7426476628467,444,740,124.126212886051,2.13337018664261,21.9691305043569,0.285273708558211,0.179734631302874,0.126804482429525,0.252576448611613,0.246581042173547,0.194303395482441,0.013238096623558,0.034186293478419,2.66027552697808,0.107650456059702
"46","Loiret","45",0.0621621621621622,265,0,10376,1963,655.1,6235,69643,699,417135,215,125479,83153,159292,172117,146574,686615,6775.2,101.342395796434,48.739978008054,494,2110,61.5679241941197,0.92026803636793,10.2791061518479,0.103170386114063,0.182750158385704,0.121105714264908,0.231996096793691,0.250674686687591,0.213473343868107,0.0391132365096233,0,1.53146770575038,0.311429920887944
"47","Lot","46",0.107142857142857,94,16,13549,2078,1274.6,1722,27555,416,124506,711,23752,15094,32199,48991,55272,175308,5216.5,33.6064411003546,48.8157984803888,573,2390,23.8677274034314,0.330106393175501,5.28227738905396,0.0797469567717818,0.135487256713898,0.0860998927601707,0.183671024710795,0.279456727588017,0.31528509822712,0.0180197450397776,0.00306719064506853,2.5973353781271,0.458161602607112
"48","Lot-et-Garonne","47",0.144796380090498,82,97,10196,2135,1161.5,5480,47565,322,219192,279,50679,33572,65494,87336,91228,328309,5360.9,61.241396034248,47.9603056876296,549,1370,40.8871644686527,1.02221641888489,8.87257736574083,0.0600645414016303,0.154363724418155,0.102257324654518,0.199488896131388,0.266017684559363,0.277872370236576,0.0152959391147009,0.018093976757634,1.90191945382305,0.255554104721222
"49","Lozère","48",0.151515151515151,65,158,7542,2198,809.8,1428,12737,233,51755,1299,11452,7876,15728,21205,20387,76648,5166.9,14.8344268323366,50.0521866193508,879,2380,10.0166444096073,0.276374615339952,2.46511447870096,0.045094737657009,0.149410291201336,0.102755453501722,0.20519778728734,0.27665431583342,0.265982152176182,0.0125800770287793,0.0305792641622636,1.4596760146316,0.460624358899921
"50","Maine-et-Loire","49",0.0521172638436482,194,46,17058,2024,852.8,8817,92633,1101,491624,210,144767,111487,188490,204530,178995,828269,7106.9,116.544344228848,48.5455812061058,488,1070,69.1755899196556,1.24062530779946,13.0342343356456,0.154919866608507,0.174782588748341,0.134602405740164,0.227570994447456,0.246936683613657,0.216107327450381,0.0272974151880567,0.00647258298273509,2.40020261998902,0.150557908511447
"51","Manche","50",0.0677506775067751,61,139,16094,1759,1071.1,4423,66306,601,330317,366,77600,49828,103272,132323,129619,492642,5951.5,82.7761068638158,48.9203113011071,582,350,55.5014702175922,0.743173989750483,11.1410568764177,0.10098294547593,0.15751803540908,0.101144441602624,0.209628898875857,0.268598698446336,0.263109925666102,0.0102495169285054,0.0233554566075779,2.70419222044863,0.0588087036881458
"52","Marne","51",0.0822510822510823,196,183,10043,1857,849,8212,68081,534,322905,233,96601,73904,134812,141168,117623,564108,8169.1,69.0538737437417,48.3467704765754,606,1760,39.527610140652,1.00525149649288,8.33396579794592,0.0653682780232828,0.171245577088075,0.131010373900033,0.238982606167613,0.250249952136825,0.208511490707453,0.0239928511096694,0.0224014885360688,1.22938879435923,0.215446009964378
"53","Haute-Marne","52",0.154639175257732,115,136,6642,1983,965.1,2451,20235,162,109500,399,24986,17333,35253,44980,44992,167544,6210.6,26.977103661482,49.113665663945,566,2510,17.6311467491064,0.394647860110134,3.25813931021157,0.0260844362863491,0.149130974549969,0.103453421190851,0.21041039965621,0.26846679081316,0.26853841378981,0.0185167294625318,0.0218980452774289,1.06946188774031,0.404147747399607
"54","Mayenne","53",0.144144144144144,57,148,8643,1940,821.4,4850,39822,331,196504,396,54048,35957,65031,79390,71026,305452,5175.2,59.022260009275,49.6100860364313,482,440,37.9703199876333,0.937161848817437,7.69477508115628,0.0639588808162003,0.176944331678954,0.117717350025536,0.212900881316868,0.259909904011105,0.232527532967537,0.0110140670891946,0.0285979285824702,1.67008038336683,0.0850208687586953
"55","Meurthe-et-Moselle","54",0.0607966457023061,132,130,8184,1919,956.1,4916,59431,1355,421846,560,117768,99700,179109,181538,151362,729477,5245.9,139.056596580186,48.5488918773313,621,1650,80.4144188795059,0.937112792847748,11.3290379153243,0.258296955717799,0.161441690416559,0.136673260431789,0.245530702133172,0.248860484977594,0.207493862040887,0.0251625078632837,0.024781257744143,1.56007548752359,0.314531348291046
"56","Meuse","55",0.11,59,76,6293,1819,1045.2,1622,20745,117,117650,336,28114,19113,38113,47865,44805,178010,6211.4,28.6585954857198,49.6095724959272,556,2320,18.9409794893261,0.261132755900441,3.33982677013234,0.0188363331938049,0.157934947474861,0.107370372450986,0.214105949103983,0.268889388236616,0.251699342733554,0.00949866374730335,0.0122355668609331,1.01313713494542,0.373506777860064
"57","Morbihan","56",0.0732758620689655,0,248,18547,1961,747,9548,94350,1373,505612,292,122017,81882,157525,210312,205647,777383,6822.6,113.942338697857,48.5784999157429,543,1420,74.1084044206021,1.39946647905491,13.8290387828687,0.201242927916044,0.156958667735209,0.105330319803752,0.202634994590826,0.270538460449997,0.264537557420216,0,0.0363497786767508,2.71846510128104,0.208131797262041
"58","Moselle","57",0.123134328358209,220,90,10246,1908,997.8,7585,70792,1061,654997,846,170239,117239,256353,281819,225806,1051456,6216.3,169.14498978492,48.8539701138231,538,1890,105.367662435854,1.22017920628026,11.3881247687531,0.170680308221933,0.161907868707773,0.111501574958914,0.24380763436606,0.268027382981314,0.214755538985939,0.0353908273410228,0.0144780657304184,1.64824734970963,0.304039380338787
"59","Nièvre","58",0.0755813953488372,78,94,9925,1960,792.2,1965,24575,263,131548,720,26939,19213,36350,53127,62228,197857,6816.7,29.0253348394384,48.0124534385945,761,2450,19.2979007437616,0.288262649082401,3.6051168453944,0.0385817184268048,0.136153888919775,0.0971054852747186,0.183718544201115,0.268512107228958,0.314509974375433,0.0114424868338052,0.0137896636202268,1.45598310032714,0.359411445420805
"60","Nord","59",0.0998735777496839,289,89,15641,1785,890.2,17213,164467,2360,1397279,275,482644,357984,653851,631086,481081,2606646,5742.8,453.898098488542,48.2257659843339,577,630,243.309709549349,2.99731838127743,28.6388173016647,0.410949362680226,0.185159012769666,0.137335104191363,0.250839968296424,0.242106523095196,0.184559391647351,0.0503238838197395,0.0154976666434492,2.72358431427178,0.109702584105314
"61","Oise","60",0.073394495412844,130,162,12787,1783,696.1,17913,87075,816,546514,214,160926,101550,201416,216660,152707,833259,5860.2,142.189515716187,48.8425567560626,494,1280,93.2585918569332,3.05672161359681,14.8587078939285,0.13924439438927,0.193128427055693,0.121870870881683,0.241720761491925,0.260015193355247,0.183264747215452,0.0221835432237808,0.0276441077096345,2.18200744001911,0.218422579434149
"62","Orne","61",0.080952380952381,94,81,12182,1877,850.4,3829,44069,273,179626,340,42223,28972,53255,72456,75966,272872,6103.4,44.7081954320543,48.8492773168372,602,1010,29.4304813710391,0.627355244617754,7.22040174329063,0.0447291673493463,0.154735553666188,0.106174323492333,0.195164765897564,0.265531091500777,0.278394265443138,0.0154012517613134,0.0132712914113445,1.99593669102467,0.165481534882197
"63","Pas-de-Calais","62",0.128099173553719,337,105,15780,1834,1045.7,13156,105859,1619,837412,208,264321,179012,338003,372848,299750,1453934,6671.4,217.935365890218,48.4598338026348,527,640,125.522678897982,1.97199988008514,15.8675840153491,0.242677698833828,0.18179711046031,0.123122507624142,0.232474789089463,0.256440801301847,0.206164791524237,0.0505141349641754,0.0157388254339419,2.36532062235813,0.0959318883592649
"64","Puy-de-Dôme","63",0.0724946695095949,217,1,20900,2082,989.1,7401,70744,756,425331,1617,105491,85204,154751,170865,152806,669117,7969.7,83.9576144647854,48.4263589177976,654,2730,53.3685082249018,0.928642232455425,8.87662019900373,0.0948592795211865,0.157657031580426,0.12733796929386,0.231276443432165,0.255358928259183,0.228369627434365,0.0272281265292295,0.000125475237461887,2.62243246295344,0.342547398270951
"65","Pyrénées-Atlantiques","64",0.0447570332480818,192,85,16765,1997,1451.3,7124,82223,1046,460928,2974,104923,73469,153044,188395,178068,697899,7644.8,91.2906812473838,48.0270067731864,675,2370,60.2930096274592,0.931875261615739,10.7554154457932,0.136825031393889,0.150341238488664,0.105271679712967,0.219292476418508,0.269945937735976,0.255148667643885,0.0251151109250733,0.011118668899121,2.19299393051486,0.310014650481373
"66","Hautes-Pyrénées","65",0.0591397849462366,57,43,6825,1912,1113.3,2105,29861,420,155148,3178,32346,24314,46651,62562,64710,230583,4464,51.6538978494624,48.3288013426835,726,1520,34.755376344086,0.47155017921147,6.68929211469534,0.0940860215053763,0.140279205318692,0.105445761396113,0.20231760363947,0.271320956011501,0.280636473634223,0.0127688172043011,0.0096326164874552,1.52889784946237,0.340501792114695
"67","Pyrénées-Orientales","66",0.10958904109589,52,140,6844,2643,522,3991,48632,809,306825,2921,76719,50747,99734,130080,133314,490594,4116,119.191933916424,47.3554507393079,711,2080,74.5444606413994,0.969630709426628,11.8153547133139,0.196550048590865,0.156379817119655,0.103439911617346,0.203292335413804,0.265147963489158,0.271739972360037,0.0126336248785228,0.0340136054421769,1.66277939747327,0.505344995140913
"68","Bas-Rhin","67",0.0643863179074447,186,0,4565,1893,973,9908,91297,1209,680068,984,190166,146228,293423,304373,234232,1168422,4755,245.724921135647,48.6344830891579,493,1880,143.021661409043,2.08370136698212,19.2002103049422,0.254258675078864,0.162754552721534,0.125149988617126,0.251127589175829,0.260499203198844,0.200468666286667,0.0391167192429022,0,0.960042060988433,0.395373291272345
"69","Haut-Rhin","68",0.1,108,4,10958,2064,1133.6,6599,61623,730,487619,1241,128416,85416,179648,209982,165769,769231,3525.2,218.209179621014,49.0989052703284,545,1430,138.32378304777,1.87195052762964,17.4807103143084,0.207080449336208,0.166940749917775,0.11104076668777,0.233542329937301,0.272976518107045,0.215499635350109,0.0306365596278225,0.00113468739362306,3.10847611483036,0.405650743220243
"70","Rhône","69",0.0304182509505703,196,55,9500,2147,861.3,17764,167484,2758,971291,869,347880,270392,520712,443383,338647,1921014,3249.1,591.244960142809,48.1691960599975,643,820,298.941553045459,5.46736019205318,51.5478132405897,0.848850450894094,0.181091860860983,0.140754830521797,0.271061012569403,0.230806751017952,0.176285545029864,0.0603243975254686,0.0169277646117386,2.92388661475486,0.252377581484103
"71","Haute-Saône","70",0.212765957446809,0,182,8715,1979,1172,2772,26175,226,156635,1031,37737,24958,48059,64223,56796,231773,5360.1,43.2404246189437,49.0751726905205,439,2280,29.2224025671163,0.517154530699054,4.88330441596239,0.042163392474021,0.162818792525445,0.1076829484021,0.207353746985197,0.277094398398433,0.245050113688825,0,0.0339545903994328,1.625902501819,0.425365198410477
"72","Saône-et-Loire","71",0.106430155210643,124,148,16830,2080,960.7,6116,61878,595,354080,734,85151,56384,109152,146641,150034,547362,8574.7,63.8345364852415,48.7286293166131,593,2060,41.2935729529896,0.713261105344793,7.21634576136774,0.0693901827469183,0.155566151833704,0.103010439160921,0.199414646979513,0.267904969654452,0.274103792371411,0.0144611473287695,0.0172600790698217,1.96275088341283,0.240241641106977
"73","Sarthe","72",0.0604534005037783,242,0,13589,1925,779.7,5571,56620,464,346127,321,97750,67978,121846,146561,132983,567118,6206,91.382210763777,48.7355365197366,521,1260,55.7729616500161,0.897679664840477,9.12342893973574,0.0747663551401869,0.172362718164474,0.119865706960456,0.214851230255432,0.258431225952976,0.234489118666662,0.0389945214308733,0,2.18965517241379,0.203029326458266
"74","Savoie","73",0.129032258064516,163,73,8147,2061,1342,6407,57293,590,288549,3643,75610,49915,105392,119743,97137,447797,6028.3,74.2824676940431,48.9956386487627,557,2170,47.8657332913093,1.06282036395004,9.50400610454025,0.0978717051241643,0.168848831055143,0.111467919615361,0.23535664598021,0.267404649874832,0.216921953474454,0.0270391320936251,0.0121095499560407,1.35145895194333,0.359968813761757
"75","Haute-Savoie","74",0.0783410138248848,172,28,9128,2059,1685.8,6653,81055,999,557914,4558,160237,93095,231505,223349,154081,862267,4387.8,196.514654268654,49.2413602747177,436,1850,127.151191941292,1.51624960116687,18.4728109758877,0.227676740051962,0.185832230619982,0.107965398188728,0.268484123827074,0.259025336699653,0.178692910664562,0.0391995988878253,0.00638133005150645,2.0803135967911,0.421623592688819
"76","Paris","75",0.00378276141583356,1,0,3250,1859,807.1,5435,82379,8856,564972,102,277022,268636,677111,502060,377821,2102650,105.4,19949.2409867173,46.9310156231422,674,18.4,5360.26565464896,51.5654648956357,781.584440227704,84.022770398482,0.131748983425677,0.127760682947709,0.322027441561839,0.238774879318955,0.179688012745821,0.0094876660341556,0,30.8349146110057,0.174573055028463
"77","Seine-Maritime","76",0.0512422360248447,261,124,14413,1790,909.2,11284,121916,1592,741203,246,218488,157948,297673,309392,270703,1254204,6277.6,199.790365744871,48.2365707652025,613,1080,118.071078119026,1.79750223015165,19.4207977571046,0.25360010194979,0.174204515373895,0.125934855892662,0.237340177514982,0.246683952530848,0.215836498687614,0.0415763986236778,0.0197527717599082,2.29594112399643,0.172040270166943
"78","Seine-et-Marne","77",0.0686528497409326,210,192,12126,1884,821.2,10358,102670,1819,789626,173,289432,188832,371662,368268,234581,1452775,5915.3,245.596165874934,48.5974084080467,363,1440,133.488749513972,1.75105235575541,17.3566852061603,0.307507649654286,0.199226996609936,0.129980210287209,0.255829016881485,0.253492798265389,0.161470977955981,0.0355011580139638,0.0324582016127669,2.04993829560631,0.243436512095752
"79","Yvelines","78",0.0776014109347443,129,123,5290,1829,678.7,6855,79913,1726,814195,191,287458,182331,359217,377481,255037,1461524,2284.4,639.784626160042,48.6152810354124,398,1330,356.41525126948,3.00078795307302,34.9820521800035,0.755559446681842,0.196683735607489,0.124754023881921,0.245782484584584,0.258279029287237,0.174500726638769,0.0564699702328839,0.053843459989494,2.31570653125547,0.582209770618105
"80","Deux-Sèvres","79",0.146341463414634,84,108,14268,2046,964,5899,51263,487,245182,268,61337,40153,78693,102142,91574,373899,5999.4,62.3227322732273,49.0964137373997,464,550,40.8677534420109,0.983264993165983,8.54468780211355,0.0811747841450812,0.164046975252675,0.107389963599796,0.210465927964504,0.273180725276077,0.244916407906948,0.014001400140014,0.018001800180018,2.37823782378238,0.0916758342500917
"81","Somme","80",0.12037037037037,275,47,11314,1812,806.5,4347,65167,799,363302,213,93396,75963,130652,142211,121845,564067,6170.1,91.4194259412327,48.4825384218541,640,740,58.881055412392,0.704526668935674,10.5617413007893,0.129495470089626,0.165576075182558,0.134670172160399,0.231624966537663,0.252117213026112,0.216011573093267,0.0445697800683943,0.0076173805935074,1.8336817879775,0.119933226365861
"82","Tarn","81",0.126373626373626,40,107,12478,2232,909.2,4501,48225,449,258073,1182,61220,41530,80087,106377,105332,394546,5757.9,68.5225516247243,48.2676291230934,591,1860,44.8206811511141,0.781708609041491,8.3754493825874,0.077979819031244,0.155165684102741,0.105260223142549,0.202985203246263,0.269618751679145,0.266970137829303,0.00694697719654735,0.0185831640007642,2.16710953646295,0.323034439639452
"83","Tarn-et-Garonne","82",0.165413533834587,111,0,8342,2116,1030.6,3212,34326,418,171665,456,46581,29264,57446,71127,61621,266039,3718.3,71.5485571363257,48.9999586526787,515,880,46.1676034747062,0.863835623806578,9.23163811419197,0.112416964741952,0.175090870135582,0.109998909934258,0.215930746995741,0.267355538097798,0.231623934836622,0.029852351881236,0,2.24349837291235,0.236667294193583
"84","Var","83",0.0725925925925926,199,1,10630,2946,556.2,8118,108354,1242,714978,1714,167560,111302,234878,290069,306451,1110260,5972.5,185.895353704479,48.0048817394124,537,3860,119.71167852658,1.35922980326496,18.1421515278359,0.207953118459607,0.150919604416983,0.100248590420262,0.211552249022751,0.261262226865779,0.276017329274224,0.0333193804939305,0.000167434072833822,1.77982419422352,0.646295521138552
"85","Vaucluse","84",0.0810810810810811,68,43,8406,2614,592.5,7397,71934,552,363738,1897,98151,60005,125466,146826,133341,563789,3567.3,158.043618422897,48.0168999395164,568,1510,101.964510974687,2.07355703192891,20.164830544109,0.154738878143133,0.174091725805221,0.10643166149038,0.222540702284011,0.260427216565062,0.236508693855325,0.0190620357132846,0.0120539343481064,2.3564040030275,0.42328932245676
"86","Vendée","85",0.146198830409357,164,0,17756,2018,764.6,9234,97788,1292,469727,290,114024,74772,145941,185787,188750,709274,6719.6,105.553009107685,48.8703942341042,383,490,69.90401214358,1.37418893981785,14.5526519435681,0.192273349604143,0.16076156746194,0.105420472201152,0.205761102197458,0.261939673525323,0.266117184614127,0.0244062146556343,0,2.64241919161855,0.0729210072028097
"87","Vienne","86",0.099009900990099,80,140,13489,2022,888.3,3866,58257,524,277051,196,71496,58979,99623,109317,102119,441534,6990.4,63.1629091325246,48.2538151082363,602,1260,39.6330682078279,0.553044174868391,8.33385786221103,0.0749599450675212,0.161926374865809,0.133577482141806,0.225629283362097,0.247584557474623,0.231282302155666,0.0114442664225223,0.0200274662394141,1.92964637216754,0.180247196154726
"88","Haute-Vienne","87",0.0519125683060109,96,168,12241,1887,1308.1,3583,40692,966,242509,622,54704,44009,78677,95894,96829,370113,5520.1,67.0482418796761,47.7170485770562,780,1450,43.9319939856162,0.64908244415862,7.37160558685531,0.174996829767577,0.147803508658167,0.118906928424562,0.212575618797502,0.259093844312413,0.261620099807356,0.0173909892936722,0.0304342312639264,2.21753229108168,0.262676400789841
"89","Vosges","88",0.105960264900662,51,150,10850,1877,1194.8,6777,40659,639,233070,1130,54391,37434,73639,97403,93017,355884,5873.8,60.5883754979741,48.7650470377988,562,2990,39.6795941298648,1.1537675780585,6.92209472573121,0.108788178010828,0.152833507547403,0.10518595946994,0.206918546492677,0.273693113486417,0.261368873003563,0.00868262453607545,0.0255371309884572,1.84718580816507,0.509040144369914
"90","Yonne","89",0.22,185,89,13219,1921,778.2,3018,39612,261,208706,547,53689,33442,68473,88160,85557,329321,7427.4,44.338664943318,48.7460562794356,652,2440,28.0994695317339,0.40633330640601,5.33322562404071,0.0351401567170208,0.163029384703678,0.10154833733652,0.207921754154761,0.267702332982106,0.259798190822936,0.0249077739181948,0.0119826588038883,1.77976142391685,0.328513342488623
"91","Territoire de Belfort","90",0.333333333333333,24,22,1371,1999,1480.5,882,9242,112,83371,972,22520,17685,31095,35990,29601,136891,609.4,224.632425336396,49.7220416243581,658,260,136.808336068264,1.44732523793896,15.1657367902855,0.183787331801772,0.164510449920009,0.129190377745798,0.227151529318947,0.262909906421898,0.216237736593348,0.0393829996718083,0.036101083032491,2.24975385625205,0.426649163111257
"92","Essonne","91",0.017683465959328,68,64,6075,1875,645.5,9752,81816,1188,693124,141,264648,172277,337321,329305,212502,1316053,1804.4,729.357681223675,49.0713519896235,448,420,384.129904677455,5.40456661494125,45.3424961205941,0.658390600753713,0.201092205253132,0.130904302486298,0.256312625707323,0.250221685600808,0.161469180952439,0.0376856572821991,0.0354688539126579,3.36677011749058,0.232764353801818
"93","Hauts-de-Seine","92",0.0071360608943863,36,19,1815,1859,721.9,5441,92505,5666,715457,157,295844,204767,470252,408825,262314,1642002,175.6,9350.80865603645,47.5950090194774,525,176,4074.35649202734,30.9851936218679,526.793849658314,32.2665148063781,0.18017274034989,0.124705694633746,0.286389419744921,0.248979599294033,0.159752545977411,0.20501138952164,0.108200455580866,10.3359908883827,1.00227790432802
"94","Seine-Saint-Denis","93",0.00712250712250712,58,1,2454,1859,839.2,16907,116152,624,557725,106,365120,229702,481949,389903,216132,1682806,236.2,7124.49618966977,49.346448729087,387,236,2361.24047417443,71.5791701947502,491.752751905165,2.64182895850974,0.216970940203446,0.136499394463771,0.28639605516025,0.231698128007625,0.128435482164908,0.245554614733277,0.00423370025402202,10.38950042337,0.999153259949196
"95","Val-de-Marne","94",0.00612813370473538,52,28,2411,1867,781.9,6017,68020,341,541167,105,268052,186283,396781,350785,224847,1426748,245,5823.4612244898,48.208373167511,561,245,2208.84489795918,24.5591836734694,277.632653061225,1.39183673469388,0.187876205188302,0.130564752850538,0.278101668970274,0.245863319941573,0.157594053049312,0.212244897959184,0.114285714285714,9.84081632653061,1
"96","Val-d'Oise","95",0.0220492866407263,66,54,4916,1775,722.4,7623,73464,802,597497,167,272289,168921,335945,308851,188368,1274374,1245.9,1022.85416165021,48.7657469471286,435,3.56,479.570591540252,6.11846857693234,58.9646039007946,0.643711373304439,0.213664905278984,0.132552139324876,0.263615704651853,0.242355070018692,0.147812180725595,0.0529737539128341,0.0433421622923188,3.9457420338711,0.00285737218075287
