"","prixbroco","carburant","engrais","PDSI","precipitation","date"
"1",-0.178268866343331,0.0151727048633317,0.009732436918231,1,6.93,2000-02-01
"2",0.0777845794023331,-0.0068681588665116,-0.00729043326267931,-0.54,1.92,2000-03-01
"3",-0.0538074067763619,-0.0159781099846583,0.000812677817990881,-0.56,1.8,2000-04-01
"4",0.147500496139358,0.00209863665692128,0.0032441228776241,-0.42,0.94,2000-05-01
"5",0.0514636376295944,0.000698567964139918,-0.00894678598980647,-0.44,0.31,2000-06-01
"6",-0.0817296745704539,-0.0169018108026032,0.0137933221323356,-0.8,0.06,2000-07-01
"7",-0.0168219991580418,0.0870113769896299,0.00321802369420077,-0.79,0.27,2000-08-01
"8",-0.0626355709914851,0.0758271037189454,0.0111822251455393,-0.83,0.35,2000-09-01
"9",0.0262679268206102,-0.0170424088245177,0.0134124298603879,-0.11,2.2,2000-10-01
"10",0.00461894585629445,0.00977405459742714,0.000783392127804206,-0.76,0.79,2000-11-01
"11",-0.0486534791277824,-0.0823249452560029,0.0201557210923058,-1.93,0.77,2000-12-01
"12",-0.0460117474132959,0.0157174158954098,0.0624738431899869,-2.35,3.52,2001-01-01
"13",-0.00916036939866426,-0.0588798809546913,0.00575127394063379,-2.06,4.42,2001-02-01
"14",0.101980576966173,-0.0508943750908861,0,-2.36,2.21,2001-03-01
"15",-0.126826575552704,0.0446724400515925,-0.0129871955268106,-1.99,1.75,2001-04-01
"16",0.046091107200267,0.0585828880841679,-0.026491615446977,-2.36,0.15,2001-05-01
"17",0.0059880418446225,-0.0551214792975783,-0.020339684237122,-2.66,0.23,2001-06-01
"18",-0.024170360927813,-0.07161255022112,-0.0130220147281124,-2.79,0.28,2001-07-01
"19",-0.00306278953054575,0.0750620189743774,-0.0131938274027812,-2.89,0.05,2001-08-01
"20",-0.00924505814405111,0.014359221077889,-0.00626961301359508,-2.82,0.3,2001-09-01
"21",0.0424306071297051,-0.117274000267433,-0.00551834273844687,-3.09,0.65,2001-10-01
"22",-0.119639356961675,-0.0687202805080248,0,-2.24,4.21,2001-11-01
"23",0.0813282201272089,-0.045158174215104,-0.0127288910360432,-1.42,5.25,2001-12-01
"24",-0.00698210111167375,-0.0216177895323253,0.0103545329755814,-1.69,2.22,2002-01-01
"25",0.0131445359319101,0.00870327512830169,0.000792079249332112,-2.24,1.45,2002-02-01
"26",-0.0330439198620553,0.104406854828689,0.00316205797064839,-2.48,1.91,2002-03-01
"27",0.116414865941914,0.0162605208717804,-0.00157977915951868,-2.68,0.88,2002-04-01
"28",-0.126066835191908,0.00459770924862946,0.000790201542501201,-2.58,0.59,2002-05-01
"29",0.0880762587941349,-0.0208582301204099,0.00472814119594567,-2.76,0.07,2002-06-01
"30",0.0444457178748672,0.0170282752281109,-0.00157356444743062,-3.07,0.06,2002-07-01
"31",0.0279814721910971,0.0501414416973256,0.00235941910476978,-3.28,0.01,2002-08-01
"32",0.10511098299451,0.0484425194588213,0.00235386534732829,-3.37,0.11,2002-09-01
"33",-0.146705618023878,0.0124396904756393,-0.00235386534732829,-3.77,0.06,2002-10-01
"34",0.0877806053781075,-0.0356556469887851,-0.00314713084301932,0.09,3.18,2002-11-01
"35",-0.0997855714092249,0.0594097329968923,0.00706716722309242,1.6,8.14,2002-12-01
"36",0.067070558499701,0.000670465998967695,0.0124418401233664,0.69,1.92,2003-01-01
"37",-0.0174457640095562,0.135790902351885,0.0138144944431877,0.37,2.66,2003-02-01
"38",0.0865546403560678,-0.0646555554872864,0.0403340706267015,0.1,2.77,2003-03-01
"39",-0.050729053197726,-0.0604685790604031,0.0101967380205155,1.4,3.98,2003-04-01
"40",0.0110034998404455,-0.0503165274083358,-0.00435730536895651,1.53,1.09,2003-05-01
"41",-0.0207358987854103,-0.00981087056425922,-0.0154018446115058,1.53,0.04,2003-06-01
"42",0.00556556013833022,0.0125963876856856,-0.00593033613484906,-0.19,0.22,2003-07-01
"43",-0.0357818839938757,0.0442098514719825,0.0051909645669701,-0.01,0.57,2003-08-01
"44",0.175918703908529,-0.050488211823107,0.00295421189743106,-0.4,0.17,2003-09-01
"45",0.0414257396938709,0.0451513078949194,0.00807936822360933,-1.35,0.09,2003-10-01
"46",-0.0344141333583447,-0.00267917106004839,0.00146198856449953,-1.28,2.35,2003-11-01
"47",0.0330257183216939,0.00735051755934157,0.00218898299738068,0.66,5.77,2003-12-01
"48",-0.027642239637728,0.0575651960137068,0.0108736120290018,0.14,2.27,2004-01-01
"49",-0.0812928329621072,0.00251098688115808,0.0171555315379823,1.01,5.88,2004-02-01
"50",-0.0777728025114712,0.0290412747934286,0.011976191046716,-1.19,1.08,2004-03-01
"51",-0.0960137362895249,0.0452458125318272,-0.000700525422693943,-1.7,0.7,2004-04-01
"52",0.0799014369853551,0.0161666338553468,-0.00632691038476363,-2.15,0.45,2004-05-01
"53",-0.0433801882732354,-0.02669920635524,-0.00141143283840783,-2.8,0.08,2004-06-01
"54",0.00845851294059454,0.0312706428878209,-0.000706464176326804,-3.26,0.06,2004-07-01
"55",-0.00187009169677162,0.0645741533419613,0.0042313180197624,-3.23,0.19,2004-08-01
"56",0.124117428742491,0.0726562049455403,0.00771121942349051,-3.26,0.14,2004-09-01
"57",0.146793070886321,0.0947678314225957,0.00972905519811906,1.6,3.72,2004-10-01
"58",-0.0468258034372708,-0.0443695696640355,0.0103200090319895,1.26,1.68,2004-11-01
"59",0.0574918361627783,-0.0629015504263731,0.00409836639228178,1.73,5.51,2004-12-01
"60",-0.135351380498654,0.00251319559272667,0.00882258861517915,2.33,5.56,2005-01-01
"61",0.0860665743479771,0.0613330880168081,-0.00338409798423989,2.28,4.03,2005-02-01
"62",-0.0210216348032154,0.060013425797964,-0.00271554817248276,2.21,3.69,2005-03-01
"63",0.121989470537929,0.0176293679932511,0.00677509366636109,2.09,1.79,2005-04-01
"64",-0.136509966791227,-0.058006819274356,0.00404313219235597,3.17,2.54,2005-05-01
"65",0.00613975776820291,0.0783318432699068,0.00803755164244269,3.83,0.67,2005-06-01
"66",0.098296655046803,0.00256520020954509,0.00133333353086407,4.58,0.14,2005-07-01
"67",-0.0883992815060162,0.100652610535921,0.00597809817550843,4.08,0.29,2005-08-01
"68",0.0239532623786978,0.0772470005318432,0.0164207302123272,3.55,0.32,2005-09-01
"69",-0.122602312470325,0.0274955636155108,0.0148725664093963,3.01,1,2005-10-01
"70",0.0741079849229271,-0.148545186805747,0.00958167662758491,2.42,2.26,2005-11-01
"71",-0.0468897907808989,-0.0125838884029739,0.0101202634784379,3.46,7.81,2005-12-01
"72",0.0976006300992298,0.0166096587353753,0.0131292914417926,3.49,4.54,2006-01-01
"73",0.0969860682536715,-0.00725809637898189,-0.0137588161714275,2.84,2.69,2006-02-01
"74",-0.0947744878037161,0.0373355516162598,-0.00949073874880302,3.71,5.41,2006-03-01
"75",0.00660553025028432,0.114441961236067,-0.00318370214792552,4.61,4.16,2006-04-01
"76",0.00437957018210433,0.00208405771853015,0.00127469743200059,-0.05,0.73,2006-05-01
"77",0.0420739426132735,-0.00521831067609768,-0.000637145609320378,-0.14,0.15,2006-06-01
"78",0.0536996153434108,0.0386571136160803,-0.00575265248945023,-0.68,0.15,2006-07-01
"79",0.00659633034151214,0.0156487295222687,-0.00707625982671445,-1.1,0.06,2006-08-01
"80",0.104768624848038,-0.15398551342173,-0.00129198984380263,-1.44,0.06,2006-09-01
"81",-0.18125640482693,-0.0305188004646733,-0.000646621425698157,-1.78,0.45,2006-10-01
"82",-0.0142961690200648,0.0196701857358247,0.00451759400132001,-1.91,2.08,2006-11-01
"83",0.0498523720497097,0.0112338969528402,0.00449727709489522,-2.02,3.13,2006-12-01
"84",-0.0287974114838819,-0.0731010121989489,0.0246926125903713,-3.09,0.81,2007-01-01
"85",0.0104023889451392,0.0556146525167798,0.0434451925768471,-2.81,4.24,2007-02-01
"86",-0.131017471529332,0.0478377031063076,0.0581559201570734,-3.73,0.74,2007-03-01
"87",0.107848571745212,0.0492171496584127,0.0278569545029663,-3.65,1.27,2007-04-01
"88",-0.0640307532998555,0.0021321969698409,-0.00495732218742706,-3.88,0.32,2007-05-01
"89",-0.00726370772383222,0.0063694482854797,-0.000552333623542012,-4.28,0.12,2007-06-01
"90",0.0898766234424904,0.0178295231719638,0.00275862243907898,-4.47,0.18,2007-07-01
"91",0.0555155686536421,-0.00800143423570132,-0.00220628881553697,-4.42,0.12,2007-08-01
"92",0.00272512422713361,0.0573524416641473,-0.00110497248811825,-3.92,0.5,2007-09-01
"93",0.135857057927473,0.0403997417957294,0.00825768523898152,-3.33,1.5,2007-10-01
"94",-0.00175812155866473,0.0870113769896297,0.0184687487395072,-3.88,0.82,2007-11-01
"95",-0.0488971782199943,-0.0291668929852924,0.040606686090098,-3.75,3.21,2007-12-01
"96",0.0476813346699015,-0.0260462937247674,0.0494052081644645,-2.36,7.11,2008-01-01
"97",-0.0549155154485081,0.0860904252744992,0.0390693528018362,-2.33,2.76,2008-02-01
"98",-0.0398086156404656,0.109742791337818,0.0556593406174866,-3.18,0.61,2008-03-01
"99",0.0991854380043921,0.0523396690472966,0.0807652137688564,-3.53,0.34,2008-04-01
"100",-0.0498771034916264,0.122850905398942,0.0616194898358389,-3.6,0.54,2008-05-01
"101",-0.0317545209427147,-0.0166528186481785,0.10838271951575,-3.98,0.03,2008-06-01
"102",0.0430161543102777,-0.0090831074306974,0.0673201640994483,-4.22,0.14,2008-07-01
"103",-0.0420874254012173,-0.104805476247846,0.0791408588223916,-4.2,0.12,2008-08-01
"104",-0.0112214966368828,-0.0459113204632646,0.0249493190479484,-4.29,0.04,2008-09-01
"105",0.135189612997435,-0.18571199093006,0.0081800047119307,-4.3,0.7,2008-10-01
"106",-0.0116202532936759,-0.210450724515791,-0.0827619479622888,-4.13,2.41,2008-11-01
"107",-0.0503591376991553,-0.135248868357988,-0.130465841580746,-3.99,3.05,2008-12-01
"108",0.0145936766613121,-0.0256814984546491,-0.0919668373051241,-4.81,1.27,2009-01-01
"109",-0.0299455350219782,-0.0627764061441719,-0.155599287442138,-4.15,4.64,2009-02-01
"110",0.0112761343531447,0.0418355651909568,-0.0106655311974198,-4.08,2.26,2009-03-01
"111",-0.043374199931803,-0.00904574236796574,0.012969148894312,-4.2,0.57,2009-04-01
"112",-0.0688128104058711,0.0326285927840196,-0.0538882732286394,-3.67,1.24,2009-05-01
"113",0.00329648170953628,0.137043248736062,-0.0893541783706375,-3.39,0.6,2009-06-01
"114",-0.0032901457080376,-0.0311551677797955,-0.0269122808174469,-3.27,0.05,2009-07-01
"115",-0.011275290174306,0.0561470023951404,-0.0170568096714225,-3.28,0.12,2009-08-01
"116",-0.0141071465846626,-0.0276794922132368,-0.00779948243482309,-3.43,0.09,2009-09-01
"117",0.0591121401992705,0.0740805098114571,0.00335008688528138,-2.51,2.07,2009-10-01
"118",0.0767018911879033,-0.00932574907957373,0.0121885165424978,-3,0.99,2009-11-01
"119",-0.0184800311672383,-0.0156168054898542,0.0266247729166773,-3,3.15,2009-12-01
"120",-0.0646185126184204,0.036302279139836,-0.00969835187867663,0.67,6.48,2010-01-01
"121",0.00192390408595505,-0.00035304501690625,0.027764730613046,0.66,3.65,2010-02-01
"122",0.0493697627834105,0.037086211605307,0.0254757733901947,0.22,2.19,2010-03-01
"123",-0.0172205043768257,0.0462106479799071,0.020828794651492,1.22,3.47,2010-04-01
"124",-0.0574503249009552,-0.0323567348993745,0.0119941467858196,1.5,1.07,2010-05-01
"125",0.020163338503788,-0.00808629743135758,-0.0109891215755953,1.93,0.26,2010-06-01
"126",-0.0400710104973438,-0.0125959112139777,-0.00857508407076946,1.94,0.07,2010-07-01
"127",-0.0134954566049907,0.006487985879708,0.0030349036951538,1.53,0.1,2010-08-01
"128",0.0161728781509399,0.00441501820911672,0.0204955937150402,1.04,0.16,2010-09-01
"129",0.000668238456355386,0.0385557891713122,0.0268505268821579,1.99,3,2010-10-01
"130",0.115925760011732,0.0305048536551658,0.0205013139825203,1.84,2.6,2010-11-01
"131",-0.0353578543296085,0.0408978929681683,0.020089439930854,3.14,8.13,2010-12-01
"132",0.0480205742191505,0.042787275205209,0.0821041976518702,1.98,1.28,2011-01-01
"133",0.0220030478955022,0.0777579139909346,-0.0285239735666352,1.82,3.34,2011-02-01
"134",-0.0543062327178983,0.056500381333328,0.032775680651743,3.03,6.41,2011-03-01
"135",-0.0365714157737869,0.0413508475317879,0.0230666549109451,2.47,1.1,2011-04-01
"136",0.0392213564613975,-0.0372899282454728,-0.00623832341269193,2.82,1.44,2011-05-01
"137",0.0415386980054721,-0.0153142349730426,-0.00334308710857467,3.42,0.92,2011-06-01
"138",-0.0600654364577022,0.0155674957063197,0.0108244187608637,3.84,0.22,2011-07-01
"139",-0.0316880990638488,-0.0332119596860285,0.00371978110253135,3.5,0.1,2011-08-01
"140",0.0301921842808321,-0.0089403698313526,0.0143356950269879,-0.21,0.28,2011-09-01
"141",-0.0379829924763065,0.0276131115366276,0.0213244853718964,-0.08,1.54,2011-10-01
"142",0.0156110814618247,0.0183304521439829,0.013444251529263,-0.45,1.69,2011-11-01
"143",0.0705397616279188,-0.0446237799335438,-0.00472441823626735,-1.63,0.47,2011-12-01
"144",-0.0382286607502201,0.0154433117654951,-0.0143086701955619,-2.27,3.12,2012-01-01
"145",-0.0677209263204426,0.0508906159208606,-0.00481541861486612,-3.18,1.22,2012-02-01
"146",0.0741056305053037,0.0234214170436908,-0.00645684244863354,-2.31,4.74,2012-03-01
"147",-0.0501717544026724,-0.0180053525979686,-0.00202634314523298,-1.74,2.48,2012-04-01
"148",0.0135088717292257,-0.0441728023097034,0.0116960397631916,-1.96,0.2,2012-05-01
"149",0.0558712882990531,-0.0578379001744429,0.00240288461631,-1.85,0.32,2012-06-01
"150",-0.0356924984461429,0.0315787545655521,-0.00120072057651832,-1.74,0.26,2012-07-01
"151",-0.0434696150100987,0.0743525606348239,-0.0185939067516605,-1.58,0.3,2012-08-01
"152",0.0223638329103886,-0.000733944987074908,0.00325865868807984,-1.89,0.1,2012-09-01
"153",-0.0424763586293295,-0.0138001204368388,0.00810048981899758,-1.97,0.99,2012-10-01
"154",0.0717353150206207,0.000992063573428403,0.001209433729362,0.24,3.57,2012-11-01
"155",0.00551144376754825,-0.0291771200096711,-0.00525147641937274,1.08,6.15,2012-12-01
"156",0.00589924676667464,0.00229445607352363,-0.00243309122464197,-0.8,1.19,2013-01-01
"157",-0.0217880850786291,0.0573988851649019,0.00243309122464197,-1.66,0.58,2013-02-01
"158",0.0297390873376529,-0.0374814235171479,0.00484849434662138,-2.43,1.33,2013-03-01
"159",-0.047765472302891,-0.0394603824108548,0.00602774579751753,-2.83,0.71,2013-04-01
"160",-0.0200825339412055,0.00750229880241027,0.00599162966826672,-2.98,0.62,2013-05-01
"161",0.0638158991826574,-0.010883756049674,-0.0144406841547946,-3.28,0.38,2013-06-01
"162",0.0124406003027437,0.0198639318572584,-0.0320224405684062,-3.51,0.28,2013-07-01
"163",0.0521794929362288,-0.000510986214491194,-0.0374034250798889,-3.23,0.38,2013-08-01
"164",0.00403463460323028,0.00153217598921906,-0.00477535094579462,-2.61,0.77,2013-09-01
"165",0.0887404594935082,-0.012582012175804,-0.00305077595520498,-2.93,0.26,2013-10-01
"166",0.0480168131367892,-0.00674101593364429,-0.00306011167759479,-3.4,0.99,2013-11-01
"167",-0.12272624289292,0.0152319970904318,-0.00702990592825792,-4.37,0.44,2013-12-01
"168",0.0217906618937272,0.000256180352368185,0.000881445627805455,-5.88,0.54,2014-01-01
"169",-0.0394058567937191,0.0285336868262993,0.0226490517823885,-5.87,4.02,2014-02-01
"170",0.00637190945216048,-0.0105106072708501,0.0141118441926809,-5.59,3.28,2014-03-01
"171",-0.0250634052760282,0,0.0201772292859506,-5.53,1.06,2014-04-01
"172",0.0180544748483116,-0.0126583968719236,0.014049817888738,-6.05,0.35,2014-05-01
"173",0.00251308658734206,-0.00127469743200059,-0.0152990372891697,-6.77,0.06,2014-06-01
"174",0.019169819863657,-0.0159427393188336,-0.0261728743040228,-7.01,0.22,2014-07-01
"175",-0.0828995565639969,-0.00963674601877451,-0.00171232918551301,-6.35,0.45,2014-08-01
"176",0.0897234928139414,-0.0174238832486648,0.00427533785040257,-5.53,0.72,2014-09-01
"177",-0.0188012827562452,-0.0324791742306154,-0.00085360653924127,-5.3,1.06,2014-10-01
"178",-0.0306624028197328,-0.00192757873259253,-0.000427076666751347,-5.22,1.84,2014-11-01
"179",-0.0370242892973821,-0.121476452119169,-0.00085470090673212,-3.98,6.3,2014-12-01
"180",0.0353425651204228,-0.114287750727741,-0.00514360328188701,-4.84,0.65,2015-01-01
"181",0.0633258826850057,0.0117934075864481,0.00343200680070588,-4.86,2.86,2015-02-01
"182",-0.0778655140322859,-0.0265564173614325,-0.001285622632615,-5.67,0.78,2015-03-01
"183",0.0713461964801309,-0.00461402770660091,0.00811450106968703,-5.53,1.06,2015-04-01
"184",-0.0926869026092079,0.0359864158486183,-0.00255536765969033,-5.11,0.93,2015-05-01
"185",0.114852422734995,-0.0246668751041503,0.00298062813813793,-5.13,0.23,2015-06-01
"186",-0.0923197938606113,-0.0431256189772402,-0.0223569071012761,-4.85,0.66,2015-07-01
"187",0.0300272625849153,-0.079859103523567,-0.00479408196467457,-4.75,0.08,2015-08-01
"188",0.0219430852807633,-0.0152307553457059,0.00696563547818219,-4.48,0.33,2015-09-01
"189",0.0376793986057926,0.00884605688103646,-0.0144201755897067,-4.48,0.9,2015-10-01
"190",-0.0483074691333908,-0.0313097337474647,-0.00220312933351341,-4.3,1.87,2015-11-01
"191",0.0897733346706682,-0.0790449954479288,-0.00220799383146275,-3.57,4.69,2015-12-01
"192",0.0574443038005801,-0.0771041000945454,-0.0146963232901971,-2.3,6.39,2016-01-01
"193",-0.20808748057642,-0.040399582541612,-0.0208529768359247,-2.99,1.21,2016-02-01
"194",-0.0534031677899426,0.0642556757107102,-0.00459137629351503,-2.08,4.88,2016-03-01
"195",0.00503156938466803,0.0356601803988842,0.00642204042033878,-2.1,1.52,2016-04-01
"196",-0.015170886502183,0.0803926149516788,-0.000914913147077812,-1.89,0.77,2016-05-01
"197",0.0575476429253419,0.01830333958875,-0.00458716400690573,-1.88,0.27,2016-06-01
"198",-0.0323889877143831,-0.0195635792010378,-0.0275011505445946,-2.3,0.06,2016-07-01
"199",-0.0379792241977268,0.0125314923119136,-0.0219789067187754,-2.55,0.06,2016-08-01
"200",0.00322063392023536,-0.0112712526996258,-0.0145987994211527,-2.7,0.1,2016-09-01
"201",0.0378594255083235,0.039914782119945,0,1.57,3.82,2016-10-01
"202",-0.052760877518815,-0.0240877128844584,-0.00245398896156601,1.24,2.16,2016-11-01
"203",0.00065253520166797,0.0483965408618502,-0.00640869829627899,1.38,4.49,2016-12-01
"204",0.00195503948810571,0.00862412244409716,0.0029629651306573,3.61,9.92,2017-01-01
"205",0.0872283712005444,0.00583772819568562,0.0310704604737397,4.76,7.94,2017-02-01
"206",0.0774691792780862,-0.0176164273882983,0.0104613412453691,-0.45,2.45,2017-03-01
"207",0.0972660006234545,0.0245770123359222,0.0084786188555519,0.48,2.76,2017-04-01
"208",-0.0100705777297473,-0.00929158833409949,-0.0160759963294925,-0.22,0.43,2017-05-01
"209",-0.0702226609911992,-0.0421031207890992,0.0028557849013584,-0.26,0.26,2017-06-01
"210",-0.00489796852728741,0.0264226740683338,-0.0177420141758322,-0.75,0.09,2017-07-01
"211",-0.0209489466141053,0.0288181936423432,-0.0151111820113554,-0.98,0.27,2017-08-01
"212",-0.0299711432981071,0.0678918176929472,0.00245278513943159,-0.96,0.43,2017-09-01
"213",0.106622635241537,0.011057719233698,0.0034238233495536,-1.55,0.34,2017-10-01
"214",-0.0529784894447346,0.0372540904659571,0.024120802796844,-1.41,2.98,2017-11-01
"215",-0.0405273334792282,-0.00789161755543977,0.0235526666725132,-2.63,0.3,2017-12-01
"216",0.032332805371075,0.0559328765566129,0.00371747640013265,-3.13,3.33,2018-01-01
"217",0.00437877003396547,-0.0207346575927136,0.0211113852537368,-4.15,0.57,2018-02-01
"218",-0.0204145020307369,0.000997174754392205,0.0206748937309564,-3.05,5.12,2018-03-01
"219",0.00444939556852453,0.0476821308150703,-0.00311873721265421,-2.63,2.13,2018-04-01
"220",-0.0134080220817525,0.0406572676180788,-0.00268096675325769,-2.42,0.66,2018-05-01
"221",0.0353628007514445,-0.0221411258772133,-0.000447527418523386,-2.29,0.07,2018-06-01
"222",-0.0109171389892329,0.00310462838629699,-0.0135198093563407,-2.41,0.22,2018-07-01
"223",0.0147101535718142,0,0.0036231923694201,-2.71,0.04,2018-08-01
"224",-0.0516064571893777,0.0138527688532297,-0.00862661422433764,-2.93,0.06,2018-09-01
"225",0.0851113194189728,0.0253560218673983,0.00998193406134806,-3.04,0.7,2018-10-01
"226",0.0217287389929062,-0.0284178736164629,0.0544710841049429,-2.79,2.81,2018-11-01
"227",0.0596005561878732,-0.0675482589827823,0.00213538411272474,-3.06,2.38,2018-12-01
"228",-0.000964785409444668,-0.0276086053747111,0.00934189384142847,0.23,5.23,2019-01-01
"229",-0.0106745312464719,0.0276086053747111,-0.00338696344101574,2.1,8.57,2019-02-01
"230",0.0307420942980772,0.0104439591610832,-0.00809031451313746,2.29,4.05,2019-03-01
"231",-0.0346521677053695,0.0284864837233005,-0.00988192789129272,1.67,1.22,2019-04-01
"232",-0.0553739839520089,-0.00569621793364616,-0.00562893887220106,2.76,2.5,2019-05-01
"233",0.00619197024804119,-0.0348759918603034,-0.00217344141198428,2.97,0.09,2019-06-01
"234",-0.0171210407800324,-0.00296198998849362,-0.0104987840982194,-0.09,0.08,2019-07-01
"235",0.0298991343989152,-0.0169523753937288,-0.0440520663346486,-0.34,0.13,2019-08-01
"236",-0.0127780936187026,0.0274442749170107,-0.031274427497058,-0.16,0.61,2019-09-01
"237",0.0501609663032423,-0.000652528571277511,0.0155260705289191,-0.8,0.16,2019-10-01
"238",0.0102215540715572,0.000652528571277511,-0.0112677248463422,-1.28,1.61,2019-11-01
"239",-0.107784759269323,0.000977995187976699,-0.0181043534659882,-0.9,4.87,2019-12-01
