"","date","confiance","conso","ipch_f","ipch_ze","taux_dollar_euro","nuitee","prix_relatif","google_trends"
"1",2011-01-01,91,46.739,76.03,72.8,1.336,11777,1.04436813186813,52
"2",2011-02-01,91,46.939,76.4,73.11,1.3649,12293,1.04500068390097,59
"3",2011-03-01,88,46.254,77.07,74.09,1.3999,14978,1.04022135240923,52
"4",2011-04-01,87,45.639,77.35,74.51,1.4442,17294,1.03811568916924,60
"5",2011-05-01,88,45.194,77.4,74.52,1.4349,18237,1.03864734299517,60
"6",2011-06-01,88,46.005,77.47,74.51,1.4388,20746,1.03972621124681,65
"7",2011-07-01,91,45.635,77.08,74.09,1.4264,23285,1.04035632339047,90
"8",2011-08-01,87,45.915,77.52,74.22,1.4343,23704,1.04446240905416,77
"9",2011-09-01,85,45.896,77.5,74.77,1.377,19825,1.03651197004146,57
"10",2011-10-01,88,45.794,77.7,75.03,1.3706,17157,1.03558576569372,52
"11",2011-11-01,85,45.534,77.94,75.09,1.3556,12779,1.03795445465441,44
"12",2011-12-01,84,45.515,78.29,75.34,1.3179,13138,1.03915582691797,44
"13",2012-01-01,85,45.572,77.98,74.74,1.2905,11973,1.04335028097404,51
"14",2012-02-01,86,46.384,78.35,75.11,1.3224,12660,1.04313673279191,55
"15",2012-03-01,90,45.644,79.07,76.08,1.3201,15266,1.0393007360673,56
"16",2012-04-01,91,45.567,79.21,76.43,1.3162,17006,1.0363731519037,56
"17",2012-05-01,94,45.58,79.17,76.33,1.2789,18509,1.0372068649286,60
"18",2012-06-01,93,45.782,79.21,76.27,1.2526,20045,1.03854726629081,61
"19",2012-07-01,90,45.731,78.8,75.87,1.2288,22819,1.03861868986424,83
"20",2012-08-01,87,45.525,79.37,76.16,1.24,23654,1.0421481092437,86
"21",2012-09-01,85,45.531,79.17,76.72,1.2856,19750,1.03193430656934,58
"22",2012-10-01,84,45.504,79.33,76.9,1.2974,16717,1.03159947984395,51
"23",2012-11-01,85,45.505,79.19,76.74,1.2828,13313,1.03192598384154,43
"24",2012-12-01,86,45.519,79.49,77.02,1.3119,13231,1.03206959231368,43
"25",2013-01-01,85,45.249,79.03,76.22,1.3288,11619,1.03686696405143,52
"26",2013-02-01,86,45.422,79.28,76.5,1.3359,12381,1.03633986928105,55
"27",2013-03-01,83,45.898,79.93,77.4,1.2964,15680,1.03268733850129,64
"28",2013-04-01,84,45.496,79.84,77.33,1.3026,15976,1.03245829561619,66
"29",2013-05-01,81,45.865,79.88,77.41,1.2982,19293,1.03190802221935,66
"30",2013-06-01,80,45.259,80.02,77.5,1.3189,20026,1.03251612903226,61
"31",2013-07-01,84,45.537,79.74,77.08,1.308,22405,1.03450960041515,85
"32",2013-08-01,86,45.503,80.14,77.18,1.331,24345,1.03835190463851,92
"33",2013-09-01,87,45.529,79.98,77.55,1.3348,19418,1.03133462282398,60
"34",2013-10-01,88,45.39,79.88,77.46,1.3635,16769,1.03124193131939,56
"35",2013-11-01,86,46.064,79.85,77.39,1.3493,12981,1.03178705259077,48
"36",2013-12-01,86,46.096,80.15,77.67,1.3704,13153,1.03192996008755,48
"37",2014-01-01,88,45.316,79.64,76.8,1.361,11628,1.03697916666667,58
"38",2014-02-01,86,45.191,80.13,77.04,1.3659,12288,1.04010903426791,64
"39",2014-03-01,89,45.3,80.54,77.76,1.3823,14745,1.03575102880658,65
"40",2014-04-01,86,45.224,80.51,77.88,1.3813,16833,1.03376990241397,70
"41",2014-05-01,87,45.63,80.54,77.79,1.3732,18580,1.03535158760766,68
"42",2014-06-01,87,45.65,80.5,77.88,1.3592,19906,1.03364149974319,70
"43",2014-07-01,88,45.312,80.19,77.37,1.3539,22038,1.03644823575029,97
"44",2014-08-01,88,45.726,80.57,77.46,1.3316,24563,1.04014975471211,100
"45",2014-09-01,87,45.566,80.27,77.8,1.2901,19506,1.03174807197943,64
"46",2014-10-01,87,45.477,80.3,77.75,1.2673,17207,1.03279742765273,57
"47",2014-11-01,89,45.654,80.17,77.61,1.2472,12615,1.03298544002062,48
"48",2014-12-01,91,46.309,80.22,77.54,1.2331,13689,1.03456280629353,42
"49",2015-01-01,91,46.544,79.32,76.34,1.1621,11925,1.03903589206183,51
"50",2015-02-01,94,46.361,79.9,76.81,1.135,12750,1.04022913683114,65
"51",2015-03-01,96,46.004,80.5,77.71,1.0838,14607,1.03590271522327,59
"52",2015-04-01,96,46.216,80.61,78.04,1.0779,16686,1.03293182983086,67
"53",2015-05-01,95,46.268,80.81,78.26,1.115,19117,1.03258369537439,68
"54",2015-06-01,95,46.577,80.76,78.27,1.1213,19956,1.03181295515523,67
"55",2015-07-01,95,46.768,80.36,77.79,1.0996,22953,1.03303766550971,88
"56",2015-08-01,96,46.612,80.65,77.79,1.1139,24427,1.03676565111197,89
"57",2015-09-01,99,46.74,80.36,77.96,1.1221,19769,1.03078501795793,57
"58",2015-10-01,98,46.812,80.42,78.05,1.1235,17142,1.03036515054452,56
"59",2015-11-01,98,45.697,80.26,77.72,1.0736,12058,1.03268142048379,43
"60",2015-12-01,98,46.867,80.44,77.73,1.0877,12796,1.03486427376817,42
"61",2016-01-01,99,47.24,79.58,76.58,1.086,11582,1.03917471924785,59
"62",2016-02-01,97,47.107,79.81,76.71,1.1093,12880,1.04041194107678,62
"63",2016-03-01,96,47.31,80.43,77.67,1.11,15578,1.03553495558131,61
"64",2016-04-01,96,47.22,80.51,77.84,1.1339,15803,1.03430113052415,68
"65",2016-05-01,100,47.187,80.89,78.16,1.1311,18515,1.03492835209826,64
"66",2016-06-01,98,47.133,81.01,78.3,1.1229,19482,1.03461047254151,63
"67",2016-07-01,97,46.747,80.68,77.92,1.1069,22555,1.03542094455852,90
"68",2016-08-01,98,46.862,80.96,77.97,1.1212,22957,1.03834808259587,92
"69",2016-09-01,99,47.104,80.77,78.27,1.1212,19146,1.03194071802734,59
"70",2016-10-01,100,47.87,80.8,78.45,1.1026,17325,1.02995538559592,53
"71",2016-11-01,101,47.348,80.81,78.17,1.0799,13036,1.03377254701292,45
"72",2016-12-01,102,47.403,81.09,78.58,1.0543,13789,1.03194196996691,40
"73",2017-01-01,102,47.866,80.83,77.91,1.0614,12545,1.03747914260044,54
"74",2017-02-01,103,47.528,80.95,78.21,1.0643,13282,1.03503388313515,56
"75",2017-03-01,103,47.268,81.55,78.87,1.0685,15422,1.03397996703436,57
"76",2017-04-01,102,47.475,81.63,79.31,1.0723,18274,1.02925230109696,60
"77",2017-05-01,103,47.939,81.65,79.25,1.1058,18571,1.03028391167192,63
"78",2017-06-01,109,47.781,81.64,79.32,1.1229,20325,1.0292486132123,64
"79",2017-07-01,105,48.039,81.3,78.96,1.1511,23579,1.02963525835866,88
"80",2017-08-01,104,47.789,81.76,79.17,1.1807,24291,1.03271441202476,88
"81",2017-09-01,103,48.813,81.63,79.49,1.1915,20278,1.02692162536168,62
"82",2017-10-01,101,47.37,81.73,79.53,1.1756,17882,1.02766251728907,60
"83",2017-11-01,104,48.361,81.81,79.36,1.1738,14007,1.03087197580645,49
"84",2017-12-01,107,48.308,82.1,79.64,1.1836,14469,1.03088900050226,44
"85",2018-01-01,106,47.163,82.02,78.92,1.22,12870,1.03928028383173,58
"86",2018-02-01,102,48.634,82.02,79.09,1.2348,13553,1.03704640283222,61
"87",2018-03-01,102,48.568,82.96,79.97,1.2336,16681,1.03738902088283,61
"88",2018-04-01,103,47.553,83.12,80.29,1.2276,17627,1.03524722879562,64
"89",2018-05-01,100,47.998,83.51,80.79,1.1812,19403,1.03366753311053,56
"90",2018-06-01,98,47.932,83.53,80.88,1.1678,20841,1.03276458951533,63
"91",2018-07-01,98,47.945,83.42,80.7,1.1686,23648,1.03370508054523,82
"92",2018-08-01,98,48.109,83.86,80.82,1.1549,25021,1.03761445186835,85
"93",2018-09-01,95,47.481,83.67,81.14,1.1659,20796,1.03118067537589,58
"94",2018-10-01,96,47.869,83.77,81.34,1.1484,18347,1.02987460044259,54
"95",2018-11-01,93,47.647,83.58,80.89,1.1367,14395,1.03325503770553,44
"96",2018-12-01,90,47.275,83.66,80.85,1.1384,14304,1.03475572047001,39
"97",2019-01-01,95,48.007,83.2,80.01,1.1416,12929,1.03987001624797,53
"98",2019-02-01,97,47.896,83.29,80.27,1.1351,13660,1.03762302229974,56
"99",2019-03-01,98,47.691,84.02,81.09,1.1302,16145,1.03613269207054,58
"100",2019-04-01,99,48.029,84.32,81.67,1.1238,18584,1.03244765519775,58
"101",2019-05-01,101,48.256,84.43,81.78,1.1185,18681,1.03240401076058,55
"102",2019-06-01,102,47.783,84.67,81.91,1.1293,21970,1.03369551947259,61
"103",2019-07-01,103,47.89,84.48,81.52,1.1218,23727,1.03631010794897,70
"104",2019-08-01,103,48.234,84.93,81.64,1.1126,25236,1.04029887310142,80
"105",2019-09-01,105,47.977,84.61,81.82,1.1004,20739,1.03409924223906,59
"106",2019-10-01,105,47.907,84.54,81.93,1.1053,18323,1.03185646283413,49
"107",2019-11-01,107,48.17,84.6,81.67,1.1051,14627,1.03587608669034,41
"108",2019-12-01,103,48.335,85.01,81.93,1.1113,14634,1.03759306725253,43
"109",2020-01-01,105,47.756,84.58,81.1,1.11,9790.79181166494,1.04290998766954,50
"110",2020-02-01,105,48.187,84.6,81.25,1.0905,5699.92339827633,1.04123076923077,65
"111",2020-03-01,103,39.951,84.66,81.69,1.1063,2955.74764836865,1.03635695923614,64
"112",2020-04-01,92,32.418,84.64,81.93,1.0862,721,1.0330770169657,25
"113",2020-05-01,89,44.546,84.78,81.85,1.0902,1501,1.03579718998167,26
"114",2020-06-01,95,49.269,84.85,82.13,1.1255,5939,1.03311822720078,61
"115",2020-07-01,93,49.471,85.19,81.84,1.1463,15083,1.04093352883675,92
"116",2020-08-01,94,50.763,85.1,81.5,1.1828,18994,1.0441717791411,97
"117",2020-09-01,95,49.008,84.62,81.56,1.1792,11883,1.03751839136832,55
"118",2020-10-01,94,50.837,84.6,81.71,1.1775,9335,1.03536898788398,40
"119",2020-11-01,89,41.285,84.79,81.43,1.1838,3515,1.04126243399239,15
"120",2020-12-01,96,50.729,84.99,81.7,1.217,4578,1.04026927784578,25
"121",2021-01-01,93,48.179,85.22,81.84,1.2171,4929,1.04130009775171,26
"122",2021-02-01,92,48.668,85.24,82.01,1.2098,5170,1.0393854407999,34
"123",2021-03-01,96,48.2,85.83,82.78,1.1899,5431,1.03684464846581,27
"124",2021-04-01,97,44.412,86.01,83.25,1.1979,3762,1.03315315315315,25
"125",2021-05-01,99,48.932,86.3,83.47,1.2146,7642,1.03390439678927,50
"126",2021-06-01,105,49.211,86.45,83.69,1.2047,11733,1.03297885051978,59
"127",2021-07-01,103,48.741,86.51,83.61,1.1822,18916,1.03468484631025,76
"128",2021-08-01,99,48.336,87.1,83.9,1.1772,21562,1.03814064362336,74
"129",2021-09-01,103,48.465,86.93,84.3,1.177,16674,1.03119810201661,48
"130",2021-10-01,100,48.751,87.31,85.02,1.1601,16261,1.02693483886144,43
"131",2021-11-01,98,48.42,87.67,85.4,1.1414,12794,1.02658079625293,36
"132",2021-12-01,99,47.699,87.87,85.76,1.1304,12613,1.02460354477612,35
"133",2022-01-01,98,47.563,88.01,86.02,1.1314,9286,1.02313415484771,45
"134",2022-02-01,97,47.724,88.8,86.83,1.1342,11927,1.02268801105609,55
"135",2022-03-01,89,47.04,90.22,88.94,1.1019,14469,1.01439172475826,51
"136",2022-04-01,87,47.422,90.64,89.45,1.0819,17121,1.0133035215204,58
"137",2022-05-01,86,47.155,91.32,90.19,1.0579,19169,1.01252910522231,64
"138",2022-06-01,83,47.431,92.1,90.92,1.0566,20979,1.01297844258689,63
"139",2022-07-01,81,46.733,92.38,91.02,1.0179,24653,1.01494177103933,73
"140",2022-08-01,84,47.219,92.81,91.58,1.0128,25549,1.01343088010483,71
"141",2022-09-01,81,48.148,92.34,92.67,0.9904,20387,0.996438977015215,50
"142",2022-10-01,83,46.727,93.49,94.05,0.9826,18726,0.99404572036151,45
"143",2022-11-01,84,46.871,93.88,93.98,1.0201,14243,0.998935943817833,39
"144",2022-12-01,83,45.933,93.79,93.65,1.0589,15257,1.00149492792312,39
"145",2023-01-01,82,46.747,94.2,93.45,1.0769,13188,1.00802568218299,49
"146",2023-02-01,82,46.788,95.27,94.21,1.0715,13888,1.01125145950536,51
"147",2023-03-01,81,46.575,96.25,95.06,1.0706,15462,1.01251840942563,44
"148",2023-04-01,83,45.991,96.88,95.66,1.0968,18542,1.0127535019862,53
"149",2023-05-01,84,46.302,96.81,95.69,1.0868,20230,1.01170446232626,53
"150",2023-06-01,87,46.668,97.01,95.93,1.084,21277,1.01125820911081,51
"151",2023-07-01,87,46.746,97.06,95.83,1.1058,23316,1.01283522905145,60
"152",2023-08-01,86,46.543,98.13,96.35,1.0909,24138,1.0184743124027,60
"153",2023-09-01,85,46.423,97.57,96.67,1.0684,20743,1.00931002379228,44
"154",2023-10-01,85,46.014,97.74,96.75,1.0563,18048,1.01023255813953,37
"155",2023-11-01,89,46.271,97.5,96.21,1.0808,13841,1.01340816962894,33
"156",2023-12-01,89,46.386,97.64,96.37,1.0903,14755,1.01317837501297,38
"157",2024-01-01,91,46.142,97.41,96.03,1.0905,12855,1.01437050921587,41
"158",2024-02-01,89,46.19,98.33,96.63,1.0795,13651,1.01759288005795,42
"159",2024-03-01,91,46.666,98.57,97.35,1.0872,16524,1.01253210066769,38
"160",2024-04-01,90,45.955,99.18,97.91,1.0728,16891,1.0129710959044,39
"161",2024-05-01,91,46.376,99.32,98.13,1.0812,20136,1.01212677061041,40
"162",2024-06-01,91,45.994,99.48,98.33,1.0759,20285,1.01169531170548,40
"163",2024-07-01,92,46.217,99.68,98.3,1.0844,21892,1.01403865717192,49
"164",2024-08-01,93,46.489,100.27,98.43,1.1012,24314,1.0186934877578,52
"165",2024-09-01,96,46.345,98.97,98.34,1.1106,20161,1.00640634533252,40
"166",2024-10-01,93,46.221,99.28,98.68,1.0904,18281,1.0060802594244,38
"167",2024-11-01,90,46.358,99.14,98.36,1.063,14411,1.00793005286702,31
"168",2024-12-01,88,46.604,99.35,98.71,1.0479,15059,1.00648363894236,34
"169",2025-01-01,91,46.262,99.19,98.43,1.0354,13093,1.00772122320431,37
"170",2025-02-01,92,46.575,99.24,98.85,1.0413,13601,1.00394537177542,39
"171",2025-03-01,91,45.919,99.44,99.46,1.0807,15378,0.999798914136336,37
"172",2025-04-01,91,46.107,100.09,100.02,1.1214,18494,1.00069986002799,39
"173",2025-05-01,89,46.097,99.91,99.96,1.1278,20246,0.999499799919968,38
"174",2025-06-01,89,46.303,100.33,100.26,1.1516,21484,1.00069818471973,40
"175",2025-07-01,89,46.144,100.62,100.28,1.1677,23537,1.00339050658157,48
"176",2025-08-01,88,46.157,101.1,100.42,1.1631,25177,1.00677155945031,51
"177",2025-09-01,88,46.331,100.03,100.52,1.1732,20445,0.995125348189415,36
"178",2025-10-01,90,46.536,100.12,100.73,1.163,18828,0.993944207286806,34
"179",2025-11-01,89,46.438,99.92,100.44,1.156,14131,0.994822779769016,35
"180",2025-12-01,90,46.253,100,100.62,1.1709,15833,0.993838203140529,38
